<xml xmlns:o="urn:schemas-microsoft-com:office:office">
 <o:MainFile HRef="../sick1.htm"/>
 <o:File HRef="stylesheet.css"/>
 <o:File HRef="tabstrip.htm"/>
 <o:File HRef="sheet001.htm"/>
 <o:File HRef="image001.jpg"/>
 <o:File HRef="image005.jpg"/>
 <o:File HRef="image003.jpg"/>
 <o:File HRef="image004.gif"/>
 <o:File HRef="sheet002.htm"/>
 <o:File HRef="sheet003.htm"/>
 <o:File HRef="sheet004.htm"/>
 <o:File HRef="sheet005.htm"/>
 <o:File HRef="sheet006.htm"/>
 <o:File HRef="sheet007.htm"/>
 <o:File HRef="sheet008.htm"/>
 <o:File HRef="sheet009.htm"/>
 <o:File HRef="sheet010.htm"/>
 <o:File HRef="sheet011.htm"/>
 <o:File HRef="filelist.xml"/>
</xml>