<xml xmlns:o="urn:schemas-microsoft-com:office:office">
 <o:MainFile HRef="../Abhidhammattha-sangaha_Pali_Han.html"/>
 <o:File HRef="preview.wmf"/>
 <o:File HRef="themedata.thmx"/>
 <o:File HRef="colorschememapping.xml"/>
 <o:File HRef="image001.gif"/>
 <o:File HRef="image002.gif"/>
 <o:File HRef="image003.gif"/>
 <o:File HRef="image004.gif"/>
 <o:File HRef="image005.gif"/>
 <o:File HRef="image006.gif"/>
 <o:File HRef="image007.gif"/>
 <o:File HRef="image008.gif"/>
 <o:File HRef="header.html"/>
 <o:File HRef="filelist.xml"/>
</xml>