<xml xmlns:o="urn:schemas-microsoft-com:office:office">
 <o:MainFile HRef="../明法比丘作品集%20之二.htm"/>
 <o:File HRef="image001.gif"/>
 <o:File HRef="image002.gif"/>
 <o:File HRef="image003.gif"/>
 <o:File HRef="image004.gif"/>
 <o:File HRef="image005.gif"/>
 <o:File HRef="image006.gif"/>
 <o:File HRef="image007.gif"/>
 <o:File HRef="image008.gif"/>
 <o:File HRef="image009.gif"/>
 <o:File HRef="image010.gif"/>
 <o:File HRef="image011.gif"/>
 <o:File HRef="image012.gif"/>
 <o:File HRef="image013.gif"/>
 <o:File HRef="image014.gif"/>
 <o:File HRef="image015.gif"/>
 <o:File HRef="image016.gif"/>
 <o:File HRef="image017.gif"/>
 <o:File HRef="image018.gif"/>
 <o:File HRef="image019.wmz"/>
 <o:File HRef="image020.wmz"/>
 <o:File HRef="image021.wmz"/>
 <o:File HRef="image022.wmz"/>
 <o:File HRef="image023.wmz"/>
 <o:File HRef="image024.gif"/>
 <o:File HRef="image025.gif"/>
 <o:File HRef="image026.gif"/>
 <o:File HRef="image027.gif"/>
 <o:File HRef="image028.gif"/>
 <o:File HRef="image029.gif"/>
 <o:File HRef="image030.gif"/>
 <o:File HRef="image031.gif"/>
 <o:File HRef="image032.gif"/>
 <o:File HRef="image033.gif"/>
 <o:File HRef="image034.gif"/>
 <o:File HRef="image035.gif"/>
 <o:File HRef="image036.gif"/>
 <o:File HRef="image037.gif"/>
 <o:File HRef="image038.gif"/>
 <o:File HRef="image039.gif"/>
 <o:File HRef="image040.gif"/>
 <o:File HRef="image041.gif"/>
 <o:File HRef="image042.gif"/>
 <o:File HRef="image043.gif"/>
 <o:File HRef="image044.gif"/>
 <o:File HRef="image045.jpg"/>
 <o:File HRef="image046.jpg"/>
 <o:File HRef="image047.jpg"/>
 <o:File HRef="image048.jpg"/>
 <o:File HRef="image049.jpg"/>
 <o:File HRef="image050.jpg"/>
 <o:File HRef="header.htm"/>
 <o:File HRef="filelist.xml"/>
</xml>